{
  "means": [
    -1.0692511740890704,
    1.2711532388663935,
    8.791377206477758,
    0.18209283400809737,
    0.08264477732793535,
    -0.086203157894737
  ],
  "stds": [
    3.9408562380724605,
    2.3566638125958543,
    1.5675814816532418,
    0.6713964705728191,
    0.6997399343757439,
    0.8153780545118321
  ]
}