{
  "means": [
    0.8367417256817217,
    0.8058323483923475,
    3.775798144078144,
    0.17355308099308048,
    0.00011131461131465764,
    0.022789645909645877
  ],
  "stds": [
    2.8353493542640336,
    5.941186890886515,
    6.3340466962441475,
    0.5514781141233168,
    0.5198190061195331,
    0.680182440755183
  ]
}